file,Kincaid,ARI,Coleman-Liau,FleschReadingEase,GunningFogIndex,LIX,SMOGIndex,RIX,DaleChallIndex,total_words,total_sentences,total_characters,passive_voice,active_voice,passive_toks,active_toks,verbs,nouns,adjectives,adverbs,prepositions,auxiliaries,coord_conjunctions,determiners,interjections,numbers,particles,pronouns,proper_nouns,punctuations,subordinating_conjunctions,symbols,other,money,persons,norp,facilities,organizations,gpe,products,works,dates,times,quantities,ordinals,cardinals,percentages,stopwords,locations,laws,characters_per_word,syll_per_word,words_per_sentence,sentences_per_paragraph,type_token_ratio,syllables,wordtypes,long_words,complex_words,complex_words_dc,tobeverb,auxverb,conjunction,nominalization,label,label
0.txt,0.0735298329458593,0.06759885134256423,0.581192501513222,0.9049331093938915,0.0675928893820707,0.06835909666311134,0.14251663500710784,0.04708798017348203,0.07718731973376497,0.04797929524188732,0.07142857142857142,0.049082160042773125,0.03282828282828283,0.04292929292929293,0.012626262626262626,0.0707070707070707,0.1111111111111111,0.2803030303030303,0.10353535353535354,0.03282828282828283,0.10606060606060606,0.0707070707070707,0.06565656565656566,0.08838383838383838,0.0,0.012626262626262626,0.03282828282828283,0.03282828282828283,0.030303030303030304,0.10606060606060606,0.017676767676767676,0.0025252525252525255,0.0,0.0,0.0,0.0025252525252525255,0.0,0.017676767676767676,0.0,0.0025252525252525255,0.0,0.005050505050505051,0.0,0.0,0.0,0.025252525252525252,0.0,0.45707070707070707,0.0,0.0,0.5693871032979653,0.5420333561712163,0.06615281781342691,0.0,0.6673371285553217,0.06092526690391459,0.23272727272727273,0.2222222222222222,0.13383838383838384,0.3409090909090909,0.047979797979797977,0.015151515151515152,0.06313131313131314,0.015151515151515152,1,1
1.txt,0.042233046716223424,0.040366742769891,0.6341761914879659,0.9381476180876895,0.03647358575835303,0.04598930895974903,0.0873967658682214,0.03505045140732873,0.059471353425380194,0.026876368703961775,0.0625,0.028265906255569417,0.020689655172413793,0.010344827586206896,0.0,0.13448275862068965,0.16896551724137931,0.20344827586206896,0.04827586206896552,0.06551724137931035,0.1103448275862069,0.0034482758620689655,0.03103448275862069,0.16206896551724137,0.0,0.020689655172413793,0.006896551724137931,0.06551724137931035,0.03103448275862069,0.13793103448275862,0.05862068965517241,0.0034482758620689655,0.0,0.0,0.0,0.0,0.0,0.0,0.0,0.0,0.013793103448275862,0.0,0.0,0.0,0.006896551724137931,0.020689655172413793,0.0,0.5,0.0,0.0,0.6314944498970255,0.5269926120285118,0.0361037007859918,0.0018518518518518526,0.5370816178000972,0.03601423487544484,0.08727272727272728,0.27586206896551724,0.1206896551724138,0.35517241379310344,0.0034482758620689655,0.0034482758620689655,0.03103448275862069,0.034482758620689655,1,1
10.txt,0.06816159218417002,0.0630452525170529,0.5664900285737953,0.9128655360836703,0.06026045344592289,0.06926062128173822,0.11233307569201048,0.05353159851301115,0.07722230605509675,0.03165438980688831,0.049107142857142856,0.03104615932988772,0.025477707006369428,0.07643312101910828,0.006369426751592357,0.11146496815286625,0.18152866242038215,0.21337579617834396,0.05732484076433121,0.044585987261146494,0.12420382165605096,0.06369426751592357,0.04777070063694268,0.06687898089171974,0.0,0.0,0.050955414012738856,0.08917197452229299,0.006369426751592357,0.07643312101910828,0.041401273885350316,0.0,0.0,0.0,0.0,0.0,0.0,0.0,0.0,0.0,0.0,0.0,0.0,0.0,0.0,0.0,0.0,0.5382165605095541,0.0,0.0,0.5563152722413709,0.5215794504598876,0.06226344153402682,0.0,0.3430970573688923,0.04199288256227758,0.04363636363636364,0.2611464968152866,0.10509554140127389,0.3503184713375796,0.025477707006369428,0.01592356687898089,0.03184713375796178,0.0,1,1
11.txt,0.48375582359770747,0.47432526422735727,0.6976998550072545,0.4790855528040528,0.4728632239972538,0.4738023885131599,0.585565466981549,0.44609665427509293,0.4347375241761569,0.04917380051761895,0.09821428571428571,0.057066476563892354,0.07213930348258707,0.06467661691542288,0.024875621890547265,0.06965174129353234,0.12437810945273632,0.26616915422885573,0.10945273631840796,0.03233830845771144,0.09950248756218906,0.1318407960199005,0.0472636815920398,0.08208955223880597,0.0,0.009950248756218905,0.03233830845771144,0.04477611940298507,0.007462686567164179,0.0845771144278607,0.012437810945273632,0.0,0.0,0.0,0.0,0.0,0.0,0.0024875621890547263,0.0,0.0,0.0,0.017412935323383085,0.0,0.0,0.0,0.004975124378109453,0.0,0.5099502487562189,0.0,0.0,0.665457863204817,0.6630938528605556,0.46540919914776285,0.0,0.5671094421259361,0.07701067615658364,0.19818181818181818,0.3034825870646766,0.19651741293532338,0.38308457711442784,0.05472636815920398,0.04975124378109453,0.0472636815920398,0.024875621890547265,1,1
12.txt,0.05109780456225829,0.04633484705974461,0.48810673165358165,0.9366427863291138,0.04458421907720993,0.048882926524894885,0.07583381174486512,0.030978934324659233,0.06342561963684537,0.03026080031853474,0.07142857142857142,0.02659062555694172,0.05863192182410423,0.05211726384364821,0.02280130293159609,0.08143322475570032,0.15960912052117263,0.23127035830618892,0.07166123778501629,0.035830618892508145,0.09120521172638436,0.09120521172638436,0.029315960912052116,0.14006514657980457,0.0,0.0,0.035830618892508145,0.03257328990228013,0.03257328990228013,0.07166123778501629,0.03257328990228013,0.0,0.0,0.0,0.0,0.0,0.0,0.019543973941368076,0.003257328990228013,0.006514657980456026,0.0,0.0,0.0,0.0,0.0,0.0,0.0,0.5342019543973942,0.0,0.0,0.4856863434526532,0.46805603013963504,0.04908718719973264,0.0,0.5465274565780929,0.036441281138790034,0.11090909090909092,0.20195439739413681,0.08469055374592833,0.34527687296416937,0.05537459283387622,0.016286644951140065,0.029315960912052116,0.0,1,1
13.txt,0.49502543201550075,0.48964022777521066,0.40848500774030777,0.4985013395958244,0.4879862980201397,0.482842159084328,0.3692725154788544,0.21561338289962825,0.4167378688606411,0.054349990045789366,0.06696428571428571,0.04473355908037783,0.02102803738317757,0.07242990654205607,0.011682242990654205,0.0630841121495327,0.10046728971962617,0.21728971962616822,0.10046728971962617,0.02102803738317757,0.10514018691588785,0.09579439252336448,0.053738317757009345,0.10747663551401869,0.0,0.037383177570093455,0.053738317757009345,0.056074766355140186,0.035046728971962614,0.09813084112149532,0.016355140186915886,0.0,0.0,0.0,0.0,0.0,0.0,0.002336448598130841,0.0,0.0,0.0,0.08878504672897196,0.0,0.0,0.009345794392523364,0.014018691588785047,0.0,0.5794392523364486,0.0,0.0,0.3892822493872782,0.41761382931900876,0.49398420854743696,0.0,0.5039594893710151,0.05380782918149466,0.18727272727272729,0.14018691588785046,0.08411214953271028,0.2523364485981308,0.04672897196261682,0.04205607476635514,0.053738317757009345,0.009345794392523364,1,1
14.txt,0.05586348955876717,0.05073222950650018,0.5049948793672578,0.9299514065176903,0.04734110620404751,0.046393066982428045,0.07341671751774406,0.023048327137546464,0.0669340473627786,0.02369102130201075,0.07142857142857142,0.020602388166102298,0.029197080291970802,0.040145985401459854,0.014598540145985401,0.08394160583941605,0.0948905109489051,0.2737226277372263,0.09854014598540146,0.043795620437956206,0.13138686131386862,0.0948905109489051,0.029197080291970802,0.06204379562043796,0.0,0.014598540145985401,0.021897810218978103,0.06569343065693431,0.040145985401459854,0.10948905109489052,0.010948905109489052,0.0036496350364963502,0.0,0.0,0.0,0.0072992700729927005,0.0,0.014598540145985401,0.010948905109489052,0.0,0.0,0.0072992700729927005,0.0,0.0,0.0036496350364963502,0.032846715328467155,0.0,0.4854014598540146,0.0,0.0,0.5004729685235428,0.4834099412744604,0.052738438400802105,0.0,0.5900909792396182,0.03088967971530249,0.09636363636363636,0.14963503649635038,0.07664233576642336,0.34306569343065696,0.07664233576642336,0.01824817518248175,0.029197080291970802,0.010948905109489052,1,1
15.txt,0.17993178821955877,0.17385693804277585,0.5996648670539902,0.7973336721848874,0.17291060030714994,0.1725717754653404,0.2671850142019008,0.120817843866171,0.17517013412306653,0.031057137169022496,0.05803571428571429,0.03222242024594547,0.04823151125401929,0.06109324758842444,0.01929260450160772,0.06109324758842444,0.08681672025723473,0.2540192926045016,0.08681672025723473,0.03536977491961415,0.13504823151125403,0.11254019292604502,0.04180064308681672,0.08681672025723473,0.0,0.022508038585209004,0.01607717041800643,0.028938906752411574,0.0707395498392283,0.14469453376205788,0.01929260450160772,0.0,0.0,0.0,0.0,0.0,0.0,0.00964630225080386,0.0,0.0,0.02572347266881029,0.02572347266881029,0.0,0.0,0.003215434083601286,0.03536977491961415,0.0,0.5080385852090032,0.00964630225080386,0.0,0.5766050827440766,0.5506086794225539,0.1713247274094498,0.0,0.6467986682214313,0.044270462633451954,0.14909090909090908,0.22186495176848875,0.1382636655948553,0.3633440514469453,0.04180064308681672,0.03858520900321544,0.04501607717041801,0.02572347266881029,1,1
16.txt,0.025707452869160742,0.021816368762697907,0.39090098885683977,0.9705500545613283,0.02263714329614981,0.019186919994328443,0.03635979820397512,0.008054522924411401,0.007272714944211831,0.050567390005972525,0.10714285714285714,0.04116913206202103,0.02444987775061125,0.09046454767726161,0.012224938875305624,0.097799511002445,0.14425427872860636,0.2273838630806846,0.07090464547677261,0.029339853300733496,0.05867970660146699,0.09535452322738386,0.04156479217603912,0.1198044009779951,0.0,0.02689486552567237,0.061124694376528114,0.07090464547677261,0.007334963325183374,0.08801955990220049,0.019559902200488997,0.0,0.0,0.0,0.0,0.0,0.0,0.0,0.0,0.0,0.0,0.061124694376528114,0.0,0.017114914425427872,0.0,0.009779951100244499,0.0,0.5599022004889975,0.0,0.0,0.40490995493084597,0.4001896668361458,0.028648117976354595,0.0,0.49462828673254583,0.04725978647686833,0.16363636363636364,0.12224938875305623,0.07090464547677261,0.2273838630806846,0.039119804400977995,0.05134474327628362,0.04156479217603912,0.004889975550122249,1,1
17.txt,0.3444760962283353,0.33830534923366457,0.4014933401232717,0.6486069330077496,0.3379055079992531,0.3342993360221021,0.2868185867183356,0.1524163568773234,0.2848594006119699,0.02846904240493729,0.06696428571428571,0.021065763678488683,0.030201342281879196,0.10067114093959731,0.010067114093959731,0.12416107382550336,0.174496644295302,0.18456375838926176,0.0738255033557047,0.030201342281879196,0.0738255033557047,0.1040268456375839,0.053691275167785234,0.06375838926174497,0.0,0.010067114093959731,0.040268456375838924,0.10738255033557047,0.040268456375838924,0.08053691275167785,0.0436241610738255,0.0,0.0,0.0,0.0,0.0,0.0,0.03691275167785235,0.0,0.0,0.0,0.05704697986577181,0.0,0.0,0.0,0.0,0.0,0.587248322147651,0.0,0.0,0.3837726541577322,0.4225774918099439,0.34396540919914775,0.0,0.598664236351669,0.03188612099644128,0.12545454545454546,0.14429530201342283,0.08053691275167785,0.2483221476510067,0.04697986577181208,0.050335570469798654,0.05704697986577181,0.003355704697986577,1,1
18.txt,0.15378799603895857,0.14655915034941383,0.42426082046430597,0.8357736866126494,0.14676915361796597,0.14513614356293847,0.16831819585149485,0.07063197026022305,0.13812668866572386,0.024885526577742387,0.026785714285714284,0.018000356442701836,0.017857142857142856,0.039285714285714285,0.0035714285714285713,0.03571428571428571,0.10714285714285714,0.2357142857142857,0.07142857142857142,0.017857142857142856,0.21071428571428572,0.02142857142857143,0.03571428571428571,0.04285714285714286,0.0,0.11428571428571428,0.03571428571428571,0.014285714285714285,0.04285714285714286,0.07857142857142857,0.025,0.02142857142857143,0.0,0.0,0.0,0.0,0.0,0.017857142857142856,0.0,0.0,0.0,0.1,0.0,0.0,0.0,0.10714285714285714,0.0,0.4642857142857143,0.0,0.0,0.4100993162580092,0.45252838843858106,0.15227472114300036,0.0,0.4315795904452761,0.0298932384341637,0.05272727272727273,0.15,0.07857142857142857,0.3,0.017857142857142856,0.0035714285714285713,0.03571428571428571,0.0,1,1
19.txt,0.2961774165974034,0.2919183929728781,0.4346267455958458,0.6976529628380439,0.2886870222425241,0.2851020706129333,0.22871444866032106,0.11524163568773234,0.23594798728320104,0.0218992633884133,0.06696428571428571,0.015077526287649261,0.018867924528301886,0.1018867924528302,0.007547169811320755,0.1169811320754717,0.14339622641509434,0.21132075471698114,0.06415094339622641,0.033962264150943396,0.07169811320754717,0.12452830188679245,0.04905660377358491,0.1018867924528302,0.0037735849056603774,0.026415094339622643,0.06792452830188679,0.06792452830188679,0.018867924528301886,0.08679245283018867,0.01509433962264151,0.0,0.0,0.0,0.0,0.0,0.0,0.018867924528301886,0.0,0.0,0.0,0.06415094339622641,0.007547169811320755,0.0,0.0,0.0,0.0,0.5886792452830188,0.0,0.0,0.4160000242410131,0.417055398549491,0.29634039353302416,0.0,0.5973789931234498,0.024341637010676157,0.09090909090909091,0.12452830188679245,0.06415094339622641,0.2188679245283019,0.04905660377358491,0.07169811320754717,0.04905660377358491,0.0,1,1
2.txt,1.0886431744090377,1.0858789710684043,0.417906277885615,-0.09298679530260869,1.0740341731673022,1.0702736285295522,0.4387843928881403,0.483271375464684,0.9277305029038931,0.15628110690822217,0.2857142857142857,0.1375512386383889,0.018085106382978722,0.05319148936170213,0.005319148936170213,0.09680851063829787,0.13191489361702127,0.2276595744680851,0.043617021276595745,0.029787234042553193,0.09680851063829787,0.07659574468085106,0.06170212765957447,0.10212765957446808,0.0,0.03723404255319149,0.039361702127659576,0.09148936170212765,0.009574468085106383,0.09468085106382979,0.02127659574468085,0.002127659574468085,0.027659574468085105,0.0,0.0,0.0,0.0,0.005319148936170213,0.0,0.0,0.0,0.05319148936170213,0.0,0.0,0.0,0.04148936170212766,0.002127659574468085,0.5691489361702128,0.0031914893617021275,0.0,0.396789258188001,0.3950039921604748,1.0857250281990225,0.0,0.3482885378962861,0.13608540925266904,0.39454545454545453,0.14042553191489363,0.05106382978723404,0.24680851063829787,0.043617021276595745,0.030851063829787233,0.06170212765957447,0.02127659574468085,1,1
20.txt,0.08943860413620026,0.08495995630415684,0.5372377645387211,0.8954228286060286,0.0857870864347387,0.08820995717042965,0.15970130887623693,0.062267657992565055,0.09327008767617427,0.0346406529962174,0.08482142857142858,0.03300659418998396,0.04559270516717325,0.060790273556231005,0.0182370820668693,0.10030395136778116,0.1398176291793313,0.21580547112462006,0.06990881458966565,0.030395136778115502,0.10030395136778116,0.0911854103343465,0.030395136778115502,0.12462006079027356,0.0,0.0182370820668693,0.030395136778115502,0.0729483282674772,0.0547112462006079,0.0972644376899696,0.0121580547112462,0.0,0.0,0.0,0.0,0.0,0.0,0.0182370820668693,0.0,0.0060790273556231,0.0,0.0060790273556231,0.0,0.0,0.0,0.02735562310030395,0.0,0.5227963525835866,0.00303951367781155,0.0,0.52380292374688,0.49071862183521275,0.08559969921042736,0.0,0.6517177562520174,0.042704626334519574,0.16727272727272727,0.22796352583586627,0.12462006079027356,0.3404255319148936,0.0486322188449848,0.02127659574468085,0.030395136778115502,0.0060790273556231,1,1
21.txt,0.23962673163031903,0.23507281317637435,0.42291985342118255,0.7547297171540989,0.2363278126074568,0.2306968978780587,0.254852855290211,0.10037174721189591,0.2008490803618173,0.011148715906828588,0.04017857142857143,0.005916948850472286,0.018957345971563982,0.07582938388625593,0.004739336492890996,0.07582938388625593,0.10900473933649289,0.22748815165876776,0.07109004739336493,0.014218009478672985,0.12322274881516587,0.09004739336492891,0.052132701421800945,0.0995260663507109,0.0,0.09004739336492891,0.037914691943127965,0.037914691943127965,0.02843601895734597,0.09004739336492891,0.018957345971563982,0.0,0.0,0.0,0.0,0.0,0.0,0.009478672985781991,0.0,0.0,0.0,0.037914691943127965,0.0,0.0,0.0,0.07109004739336493,0.0,0.5545023696682464,0.0,0.0,0.4058344001183823,0.41338034183597266,0.24038100012532898,0.0,0.7412171825525867,0.015800711743772244,0.08545454545454545,0.13744075829383887,0.0947867298578199,0.26540284360189575,0.04739336492890995,0.052132701421800945,0.052132701421800945,0.009478672985781991,1,1
22.txt,0.03414850004730989,0.031593684568383816,0.4375159206931118,0.9611212551185188,0.03337396435154533,0.033300276198395665,0.06735911138736007,0.019052044609665426,0.014768690640036629,0.03424248457097352,0.06696428571428571,0.028016396364284442,0.04281345565749235,0.0764525993883792,0.021406727828746176,0.07339449541284404,0.12538226299694188,0.2018348623853211,0.07339449541284404,0.024464831804281346,0.1162079510703364,0.12232415902140673,0.027522935779816515,0.13761467889908258,0.0,0.01834862385321101,0.027522935779816515,0.06422018348623854,0.021406727828746176,0.09785932721712538,0.01529051987767584,0.0,0.0030581039755351682,0.0,0.0030581039755351682,0.0,0.0,0.0,0.0,0.0061162079510703364,0.0,0.024464831804281346,0.0,0.0,0.012232415902140673,0.009174311926605505,0.0,0.581039755351682,0.0,0.0,0.4435736491614232,0.40800882008330314,0.03648640180473743,0.0,0.4964416378525723,0.03416370106761566,0.10545454545454545,0.1743119266055046,0.09480122324159021,0.22935779816513763,0.07033639143730887,0.039755351681957186,0.027522935779816515,0.03669724770642202,1,1
23.txt,0.08027634857496195,0.07273936505437227,0.57269153408143,0.8961450669315125,0.07432358615574705,0.07632950123329983,0.15872468309623253,0.05638166047087981,0.07904429977528699,0.053155484770057736,0.08482142857142858,0.054393156300124756,0.05924170616113744,0.061611374407582936,0.026066350710900472,0.07582938388625593,0.14691943127962084,0.22985781990521326,0.08056872037914692,0.04028436018957346,0.0971563981042654,0.0947867298578199,0.045023696682464455,0.08530805687203792,0.0,0.0,0.035545023696682464,0.04028436018957346,0.06398104265402843,0.10426540284360189,0.02843601895734597,0.0,0.0,0.0,0.002369668246445498,0.002369668246445498,0.004739336492890996,0.026066350710900472,0.023696682464454975,0.004739336492890996,0.0,0.004739336492890996,0.0,0.0,0.002369668246445498,0.0,0.0,0.504739336492891,0.0,0.0,0.560060514138887,0.5582948900717839,0.07170906964114132,0.0,0.5395247100159569,0.06875444839857651,0.19818181818181818,0.24407582938388625,0.14454976303317535,0.3341232227488152,0.06872037914691943,0.011848341232227487,0.045023696682464455,0.0071090047393364926,1,1
24.txt,0.22627841672674914,0.22220644922971292,0.35228074996288017,0.7747120926003387,0.2204533467377339,0.21703440602934923,0.13612555829702702,0.06939281288723669,0.18419320795274954,0.09356957993231137,0.27232142857142855,0.0750668330065942,0.0304,0.0656,0.0032,0.1056,0.1312,0.1888,0.0688,0.0272,0.0832,0.0928,0.0384,0.088,0.0,0.0448,0.0384,0.1216,0.0048,0.1168,0.0176,0.0,0.0512,0.0,0.0,0.0,0.0,0.0032,0.0016,0.0,0.0,0.0752,0.0,0.008,0.0016,0.0928,0.0,0.5872,0.0,0.0,0.33863815758883514,0.36045692706909543,0.23085599699210427,0.022222222222222223,0.4204236909715022,0.07686832740213523,0.2672727272727273,0.0992,0.04,0.2336,0.0304,0.04,0.0384,0.0128,1,1
25.txt,0.27980285545065203,0.2744823029040399,0.4461166935793053,0.7112533219174406,0.27820348742191436,0.27268810047525893,0.3369029765213505,0.14869888475836432,0.2371925473533694,0.01751941071073064,0.05357142857142857,0.012831937266084477,0.04526748971193416,0.053497942386831275,0.0205761316872428,0.06995884773662552,0.11522633744855967,0.21810699588477367,0.06172839506172839,0.02880658436213992,0.14814814814814814,0.07818930041152264,0.04526748971193416,0.08641975308641975,0.0,0.04526748971193416,0.0205761316872428,0.07407407407407407,0.06995884773662552,0.102880658436214,0.00823045267489712,0.0,0.0,0.0,0.0,0.0,0.0,0.0,0.012345679012345678,0.0,0.0,0.03292181069958848,0.0,0.00823045267489712,0.0,0.0205761316872428,0.01646090534979424,0.5637860082304527,0.0,0.00823045267489712,0.427244393947226,0.43939308894400386,0.27848101265822783,0.0,0.636960492160259,0.023202846975088967,0.0890909090909091,0.1728395061728395,0.12757201646090535,0.2757201646090535,0.0411522633744856,0.024691358024691357,0.04526748971193416,0.012345679012345678,1,1
26.txt,0.013439270679658217,0.007266393591641177,0.3345932668027264,0.9820302314372386,0.011030230453888035,0.007951290918889126,0.021340374133085444,0.004027261462205699,-0.0033163409399238498,0.08341628508859247,0.19642857142857142,0.06530030297629656,0.027874564459930314,0.06968641114982578,0.013937282229965157,0.09059233449477352,0.10801393728222997,0.18466898954703834,0.04878048780487805,0.012195121951219513,0.09233449477351917,0.10801393728222997,0.04355400696864112,0.0975609756097561,0.0,0.0156794425087108,0.04006968641114982,0.12195121951219512,0.020905923344947737,0.10975609756097561,0.027874564459930314,0.0,0.03832752613240418,0.0,0.006968641114982578,0.0,0.0,0.0,0.0,0.0,0.0,0.041811846689895474,0.0,0.0,0.0,0.04878048780487805,0.0,0.6097560975609756,0.0,0.0,0.3677452486729927,0.40660624017642555,0.015997723190040523,0.018518518518518517,0.4420518581054636,0.07288256227758007,0.23636363636363636,0.1289198606271777,0.07665505226480836,0.22125435540069685,0.050522648083623695,0.050522648083623695,0.041811846689895474,0.008710801393728223,1,1
27.txt,0.03955458090262465,0.03642786364168049,0.38871824012227835,0.959010916442545,0.04067768987927547,0.033058263135052904,0.07880347163772665,0.012391573729863692,0.03193464449539378,0.025084610790364323,0.05803571428571429,0.01778649082160043,0.014234875444839857,0.05693950177935943,0.0,0.12455516014234876,0.11387900355871886,0.19217081850533807,0.060498220640569395,0.028469750889679714,0.08540925266903915,0.08185053380782918,0.046263345195729534,0.08540925266903915,0.0,0.08185053380782918,0.021352313167259787,0.099644128113879,0.05338078291814947,0.12099644128113879,0.03202846975088968,0.0,0.0,0.0,0.0071174377224199285,0.0,0.0,0.0,0.0071174377224199285,0.0,0.0,0.18861209964412812,0.0,0.0,0.0,0.014234875444839857,0.0,0.5266903914590747,0.0,0.0,0.3931101408808108,0.3816037765116906,0.04372937293729373,0.0,0.5685583371458541,0.024626334519572954,0.09636363636363636,0.11387900355871886,0.09608540925266904,0.26334519572953735,0.03202846975088968,0.03558718861209965,0.042704626334519574,0.0071174377224199285,1,1
28.txt,0.029968741711438665,0.026450766574378885,0.5376907153477957,0.9547645480386687,0.030230276102236536,0.026182153526696655,0.08529031611137514,0.016263940520446097,0.028360359619933388,0.020903842325303602,0.026785714285714284,0.01917661735875958,0.023076923076923078,0.0,0.0,0.046153846153846156,0.07307692307692308,0.3269230769230769,0.05,0.015384615384615385,0.17692307692307693,0.007692307692307693,0.046153846153846156,0.1423076923076923,0.0,0.05,0.0,0.06923076923076923,0.011538461538461539,0.08846153846153847,0.0038461538461538464,0.0,0.0,0.0,0.0,0.0,0.0,0.0038461538461538464,0.0,0.0,0.0,0.06923076923076923,0.0,0.0,0.0,0.007692307692307693,0.015384615384615385,0.5153846153846153,0.0,0.0,0.5471543524942808,0.4923023811358557,0.026366085975686175,0.0,0.3280417638394502,0.028185053380782917,0.007272727272727273,0.19615384615384615,0.15,0.2923076923076923,0.0,0.0,0.046153846153846156,0.03076923076923077,1,1
29.txt,0.02586230461528152,0.01664581325075112,0.6114059903972839,0.9408818524980137,0.020236798577203757,0.01952513943149683,0.06384203210650871,0.011724335144409495,0.053781668385013706,0.07784192713517818,0.10714285714285714,0.08030654072357868,0.04395604395604396,0.054945054945054944,0.01282051282051282,0.0695970695970696,0.11355311355311355,0.20512820512820512,0.1043956043956044,0.02564102564102564,0.08424908424908426,0.09523809523809523,0.04945054945054945,0.07142857142857142,0.0,0.029304029304029304,0.04395604395604396,0.08974358974358974,0.029304029304029304,0.1446886446886447,0.01098901098901099,0.0018315018315018315,0.0,0.0,0.0,0.0,0.0,0.007326007326007326,0.0,0.0,0.0,0.054945054945054944,0.0,0.01098901098901099,0.0018315018315018315,0.014652014652014652,0.007326007326007326,0.5183150183150184,0.0,0.0,0.6407053442783308,0.6361900973754558,0.012101477917996279,0.006944444444444444,0.540228246097715,0.09807829181494662,0.26545454545454544,0.2454212454212454,0.17582417582417584,0.38461538461538464,0.027472527472527472,0.047619047619047616,0.045787545787545784,0.029304029304029304,1,1
3.txt,0.29994630407619255,0.29614014032881936,0.44811747230496535,0.6935704980891764,0.2907937573051867,0.28802024347828215,0.20014830888442053,0.11152416356877323,0.27588052914683747,0.022098347601035236,0.0625,0.01636072001425771,0.05639097744360902,0.03383458646616541,0.022556390977443608,0.07142857142857142,0.12781954887218044,0.2631578947368421,0.08646616541353383,0.03007518796992481,0.12781954887218044,0.07518796992481203,0.04887218045112782,0.12030075187969924,0.0,0.018796992481203006,0.015037593984962405,0.06015037593984962,0.007518796992481203,0.10902255639097744,0.015037593984962405,0.0037593984962406013,0.0,0.0,0.0,0.0,0.0,0.0037593984962406013,0.0,0.0,0.0,0.0,0.0,0.0,0.007518796992481203,0.011278195488721804,0.007518796992481203,0.5225563909774437,0.0,0.0,0.4288228731061475,0.41952747100581605,0.29991226970798346,0.0,0.7231293445581125,0.02505338078291815,0.13090909090909092,0.12030075187969924,0.05263157894736842,0.3308270676691729,0.045112781954887216,0.011278195488721804,0.05263157894736842,0.018796992481203006,1,1
30.txt,0.04963971424305504,0.04480537834366255,0.5183980943005925,0.9354040623433342,0.0413236414107733,0.04719687589021425,0.0697179561237727,0.030978934324659233,0.058868214596513715,0.027473621341827594,0.07142857142857142,0.02555694172161825,0.020477815699658702,0.07508532423208192,0.010238907849829351,0.08191126279863481,0.16040955631399317,0.23890784982935154,0.09897610921501707,0.04436860068259386,0.08532423208191127,0.08191126279863481,0.03754266211604096,0.08191126279863481,0.0,0.006825938566552901,0.030716723549488054,0.05460750853242321,0.04436860068259386,0.13310580204778158,0.017064846416382253,0.0,0.0,0.0,0.0,0.0,0.0,0.034129692832764506,0.0,0.0,0.0,0.017064846416382253,0.0,0.0,0.0,0.0,0.0,0.48464163822525597,0.0,0.0,0.5158055996501685,0.48963466512123355,0.04611062372059991,0.0,0.7828534444820329,0.03530249110320285,0.17636363636363636,0.21160409556313994,0.08191126279863481,0.3378839590443686,0.040955631399317405,0.04778156996587031,0.03754266211604096,0.010238907849829351,1,1
31.txt,0.05138408261240178,0.042657774768867,0.6033615783933035,0.9196343864362648,0.043664194372900596,0.04531685974873587,0.11269711083162304,0.032527881040892194,0.04328460819720961,0.03961775831176588,0.07142857142857142,0.04045624665834967,0.03389830508474576,0.07344632768361582,0.00847457627118644,0.07627118644067797,0.11581920903954802,0.2401129943502825,0.09322033898305085,0.03954802259887006,0.11299435028248588,0.10734463276836158,0.0423728813559322,0.08192090395480225,0.0,0.031073446327683617,0.031073446327683617,0.05367231638418079,0.01977401129943503,0.07627118644067797,0.011299435028248588,0.0,0.0,0.0,0.0,0.0,0.0,0.00847457627118644,0.0,0.0,0.0,0.04519774011299435,0.0,0.0,0.0,0.01977401129943503,0.0,0.5112994350282486,0.0,0.0,0.599868853652049,0.6017708685654704,0.039909449805740065,0.0,0.6678310152847584,0.056654804270462635,0.1890909090909091,0.24293785310734464,0.1497175141242938,0.3022598870056497,0.03672316384180791,0.059322033898305086,0.03954802259887006,0.01977401129943503,1,1
32.txt,0.30727991800947246,0.30308562637509256,0.5201687076505851,0.6796564514237017,0.29967787201585216,0.30035113624717785,0.3017993123305443,0.18587360594795538,0.2814403907255151,0.020306589687437787,0.049107142857142856,0.01953306006059526,0.05058365758754864,0.042801556420233464,0.027237354085603113,0.06614785992217899,0.14396887159533073,0.23735408560311283,0.07392996108949416,0.0311284046692607,0.10894941634241245,0.07392996108949416,0.03501945525291829,0.10116731517509728,0.0,0.06614785992217899,0.0311284046692607,0.0311284046692607,0.027237354085603113,0.0933852140077821,0.038910505836575876,0.0,0.0,0.0,0.0,0.0,0.0,0.011673151750972763,0.0,0.0,0.0,0.027237354085603113,0.0,0.0,0.0,0.06614785992217899,0.0,0.490272373540856,0.0,0.0,0.497533801835055,0.4720785975987487,0.3034841458829427,0.0,0.7615028572982806,0.029466192170818504,0.14545454545454545,0.20233463035019456,0.10116731517509728,0.3540856031128405,0.0622568093385214,0.019455252918287938,0.03501945525291829,0.0038910505836575876,1,1
33.txt,0.3754724138717561,0.37398397106078196,0.39564267803643033,0.6262404827012283,0.36685094077513974,0.3653039362185692,0.13175773670155827,0.12267657992565056,0.30431356449776387,0.03483973720883934,0.044642857142857144,0.025949028693637497,0.048484848484848485,0.05757575757575758,0.012121212121212121,0.08181818181818182,0.15151515151515152,0.17575757575757575,0.06666666666666667,0.01818181818181818,0.10303030303030303,0.09393939393939393,0.051515151515151514,0.1,0.0,0.02727272727272727,0.05454545454545454,0.10303030303030303,0.01818181818181818,0.05757575757575758,0.03636363636363636,0.0,0.0,0.0,0.0,0.0,0.0,0.015151515151515152,0.0,0.0030303030303030303,0.0,0.01818181818181818,0.012121212121212121,0.0,0.0,0.01818181818181818,0.006060606060606061,0.6515151515151515,0.0,0.0,0.37783119870648163,0.3532778375786268,0.3796841709487404,0.0,0.48158929704784353,0.03088967971530249,0.10727272727272727,0.10606060606060606,0.024242424242424242,0.21212121212121213,0.07272727272727272,0.021212121212121213,0.051515151515151514,0.0030303030303030303,1,1
34.txt,0.0893230199192657,0.08681763242936061,0.6027679644495658,0.8936375463368338,0.08404596737386524,0.09660096309563743,0.1537803793941818,0.08550185873605948,0.09878038843432653,0.034043400358351586,0.07142857142857142,0.03525218321154874,0.03680981595092025,0.06134969325153374,0.015337423312883436,0.0736196319018405,0.12576687116564417,0.2607361963190184,0.05828220858895705,0.006134969325153374,0.12883435582822086,0.10429447852760736,0.03987730061349693,0.09202453987730061,0.0,0.006134969325153374,0.046012269938650305,0.06441717791411043,0.03987730061349693,0.08895705521472393,0.015337423312883436,0.003067484662576687,0.0,0.0,0.0,0.0,0.0,0.015337423312883436,0.0,0.0,0.0,0.003067484662576687,0.0,0.0,0.0,0.006134969325153374,0.0,0.5122699386503068,0.0,0.0,0.5865212650935998,0.5059198829797774,0.08440907381877427,0.0,0.5272648290781884,0.04327402135231317,0.11818181818181818,0.3067484662576687,0.1196319018404908,0.3588957055214724,0.06134969325153374,0.03680981595092025,0.03987730061349693,0.015337423312883436,1,1
35.txt,0.03222256308718675,0.028147020248254072,0.4951915765123501,0.9552910408771472,0.029923731266394537,0.03392260715361194,0.07308415799137669,0.022980736735383575,0.0453169992535977,0.045988453115667925,0.049107142857142856,0.04359294243450365,0.018134715025906734,0.07772020725388601,0.0051813471502590676,0.06476683937823834,0.11139896373056994,0.24093264248704663,0.06217616580310881,0.025906735751295335,0.12953367875647667,0.07253886010362694,0.05181347150259067,0.11139896373056994,0.0,0.04145077720207254,0.025906735751295335,0.031088082901554404,0.05699481865284974,0.10362694300518134,0.012953367875647668,0.0,0.0,0.0,0.0051813471502590676,0.0,0.0,0.046632124352331605,0.0,0.0,0.0,0.02849740932642487,0.0,0.0,0.0025906735751295338,0.05181347150259067,0.0,0.5,0.0,0.0,0.5031248858105014,0.47004856311498494,0.030181499162574482,0.013333333333333336,0.5858227432407092,0.05138790035587189,0.1890909090909091,0.23316062176165803,0.11917098445595854,0.3393782383419689,0.025906735751295335,0.05181347150259067,0.05181347150259067,0.010362694300518135,1,1
36.txt,0.28110003179313586,0.2715738390337298,0.48661029721394233,0.6992594226546464,0.26973568922573793,0.2663263411265315,0.27909397612301995,0.13382899628252787,0.23458561764372737,0.01712124228548676,0.05803571428571429,0.013580466939939405,0.03734439834024896,0.07053941908713693,0.02074688796680498,0.0954356846473029,0.14937759336099585,0.21991701244813278,0.07468879668049792,0.04979253112033195,0.0995850622406639,0.0995850622406639,0.024896265560165973,0.058091286307053944,0.0,0.0,0.04979253112033195,0.0912863070539419,0.058091286307053944,0.12448132780082988,0.024896265560165973,0.0,0.0,0.0,0.004149377593360996,0.0,0.0,0.02074688796680498,0.008298755186721992,0.0,0.0,0.0,0.0,0.0,0.0,0.0,0.0,0.5560165975103735,0.0,0.0,0.4659695566810715,0.5249166521614107,0.2737185110916155,0.0,0.7234870447986862,0.028185053380782917,0.10909090909090909,0.15767634854771784,0.0954356846473029,0.27800829875518673,0.07053941908713693,0.024896265560165973,0.024896265560165973,0.008298755186721992,1,1
37.txt,0.8090148917224737,0.7999453891550072,0.6368208947638643,0.1585289877662508,0.7984336730963368,0.796300496014914,0.7900680411932814,0.7304832713754646,0.7473721260153423,0.2398964762094366,0.25892857142857145,0.2635180894671182,0.03676470588235294,0.03529411764705882,0.004411764705882353,0.052941176470588235,0.10882352941176471,0.2933823529411765,0.09558823529411764,0.033823529411764704,0.09779411764705882,0.03897058823529412,0.05,0.05955882352941176,0.0,0.04338235294117647,0.025,0.058823529411764705,0.05220588235294118,0.15220588235294116,0.025,0.0029411764705882353,0.013235294117647059,0.0,0.007352941176470588,0.0007352941176470588,0.0,0.01911764705882353,0.006617647058823529,0.0007352941176470588,0.0,0.03897058823529412,0.0,0.0014705882352941176,0.0022058823529411764,0.03161764705882353,0.0,0.40955882352941175,0.0,0.0,0.6061732180984478,0.6224328133548831,0.7916405564607094,0.0,0.4706310912447428,0.29480427046263347,0.8254545454545454,0.29191176470588237,0.19852941176470587,0.47352941176470587,0.013970588235294118,0.01764705882352941,0.05073529411764706,0.027941176470588237,1,1
38.txt,0.2908119314698688,0.28687356904065237,0.5579895011180617,0.6935144794756395,0.2821003654547121,0.28213220547745943,0.294383875640084,0.17100371747211895,0.25041219998313363,0.018713915986462274,0.049107142857142856,0.0179290679023347,0.0321285140562249,0.05622489959839357,0.012048192771084338,0.08835341365461848,0.15261044176706828,0.27309236947791166,0.0642570281124498,0.024096385542168676,0.13654618473895583,0.0642570281124498,0.04819277108433735,0.10843373493975904,0.0,0.004016064257028112,0.028112449799196786,0.0642570281124498,0.004016064257028112,0.09236947791164658,0.028112449799196786,0.0,0.0,0.0,0.004016064257028112,0.0,0.0,0.0,0.0,0.0,0.0,0.0,0.020080321285140562,0.0,0.01606425702811245,0.004016064257028112,0.0,0.5261044176706827,0.0,0.0,0.5338939579633365,0.4931038015048559,0.2856247650081464,0.0,0.6884034850584367,0.02804270462633452,0.10909090909090909,0.1927710843373494,0.10040160642570281,0.2971887550200803,0.0321285140562249,0.024096385542168676,0.04819277108433735,0.020080321285140562,1,1
39.txt,0.020834687468922496,0.013699854670807083,0.4628714223860823,0.962536013428147,0.01784378289079075,0.017107234070499806,0.05154529593142148,0.010496391865296304,0.03266972997138497,0.13378459088194306,0.29017857142857145,0.1237212618071645,0.030229746070133012,0.041112454655380895,0.009673518742442563,0.06650544135429262,0.10882708585247884,0.2430471584038694,0.09915356711003627,0.010882708585247884,0.1124546553808948,0.06166868198307134,0.049576783555018135,0.08585247883917775,0.0,0.036275695284159616,0.03143893591293833,0.0773881499395405,0.0012091898428053204,0.12696493349455865,0.012091898428053204,0.0,0.030229746070133012,0.0,0.0,0.0,0.0,0.0,0.0,0.0,0.0,0.03385731559854897,0.012091898428053204,0.0036275695284159614,0.0024183796856106408,0.060459492140266025,0.0048367593712212815,0.4836759371221282,0.0,0.0,0.4892008378036891,0.5032841165609108,0.016508408100676043,0.08333333333333333,0.4723190566679142,0.13580071174377223,0.4254545454545455,0.19830713422007254,0.12696493349455865,0.32406287787182586,0.032648125755743655,0.019347037484885126,0.049576783555018135,0.012091898428053204,1,1
40.txt,0.022722199893474217,0.018383161926372137,0.3948262232014061,0.9721205631486086,0.019021902288798853,0.015480612462761504,0.03157806939422488,0.006608839322593969,-0.007028881661815639,0.024686442365120447,0.08035714285714286,0.017857779361967564,0.010752688172043012,0.1039426523297491,0.0,0.0967741935483871,0.13261648745519714,0.21505376344086022,0.04659498207885305,0.035842293906810034,0.08243727598566308,0.1111111111111111,0.007168458781362007,0.10752688172043011,0.0,0.03225806451612903,0.03942652329749104,0.11469534050179211,0.010752688172043012,0.11827956989247312,0.035842293906810034,0.0,0.0,0.0,0.0,0.0,0.0,0.0,0.0,0.0,0.0,0.05017921146953405,0.0,0.0,0.0035842293906810036,0.021505376344086023,0.0,0.6308243727598566,0.0,0.0,0.41236722787439034,0.4115306568030619,0.024877804236119815,0.0,0.6645073851315413,0.02604982206405694,0.12181818181818181,0.12186379928315412,0.07168458781362007,0.1935483870967742,0.02867383512544803,0.07168458781362007,0.007168458781362007,0.017921146953405017,1,1
41.txt,0.0519123736574546,0.04610399264241567,0.5463189520493728,0.9291360253743073,0.04504594651079,0.04884359874803388,0.09557010471198663,0.03345724907063197,0.05658318876818684,0.027672705554449534,0.0625,0.026554981286758154,0.017006802721088437,0.09863945578231292,0.006802721088435374,0.08503401360544217,0.15306122448979592,0.23469387755102042,0.08843537414965986,0.03741496598639456,0.06462585034013606,0.07482993197278912,0.061224489795918366,0.1054421768707483,0.0,0.013605442176870748,0.05442176870748299,0.07482993197278912,0.003401360544217687,0.1054421768707483,0.013605442176870748,0.003401360544217687,0.0,0.0,0.0,0.0,0.0,0.0,0.0,0.0,0.0,0.02040816326530612,0.0,0.0,0.003401360544217687,0.013605442176870748,0.0,0.5170068027210885,0.0,0.0,0.5424517165844284,0.5215621174238928,0.04611062372059991,0.005555555555555556,0.7106611142213055,0.03786476868327402,0.15272727272727274,0.22448979591836735,0.11224489795918367,0.3299319727891156,0.023809523809523808,0.05442176870748299,0.05782312925170068,0.017006802721088437,1,1
42.txt,0.0814782210186081,0.07490849237607386,0.5512407880718041,0.8984411222025831,0.07656950504145596,0.07516943687988505,0.15675934920877124,0.04907063197026022,0.08814934089120297,0.04200676886322915,0.06696428571428571,0.041596863304223845,0.02459016393442623,0.04918032786885246,0.01092896174863388,0.060109289617486336,0.1092896174863388,0.22950819672131148,0.08469945355191257,0.03551912568306011,0.12021857923497267,0.07923497267759563,0.05737704918032787,0.09562841530054644,0.0,0.03551912568306011,0.02459016393442623,0.040983606557377046,0.06830601092896176,0.10655737704918032,0.00819672131147541,0.0,0.0,0.0,0.0,0.0,0.0,0.02185792349726776,0.0,0.0,0.0,0.05191256830601093,0.0,0.0,0.0,0.02185792349726776,0.02185792349726776,0.5136612021857924,0.01639344262295082,0.0,0.5389661891672702,0.5303126043512881,0.07488407068554956,0.0,0.5272648290781884,0.05380782918149466,0.14909090909090908,0.20765027322404372,0.1366120218579235,0.3524590163934426,0.030054644808743168,0.03825136612021858,0.05737704918032787,0.01639344262295082,1,1
43.txt,0.06520504291750426,0.06124117367032509,0.38500910028715185,0.9328025218651763,0.06743569399374963,0.059308020709601804,0.12503166314910488,0.024163568773234202,0.05481771870676507,0.023093768664144934,0.09375,0.016218142933523437,0.014760147601476014,0.08118081180811808,0.007380073800738007,0.0996309963099631,0.11070110701107011,0.23616236162361623,0.04428044280442804,0.03690036900369004,0.0996309963099631,0.0959409594095941,0.01107011070110701,0.13653136531365315,0.0,0.06642066420664207,0.014760147601476014,0.07749077490774908,0.04428044280442804,0.13284132841328414,0.014760147601476014,0.0,0.0,0.0,0.0,0.0,0.0,0.05904059040590406,0.0,0.0,0.0,0.08487084870848709,0.0,0.0,0.0,0.01845018450184502,0.0,0.5387453874538746,0.0,0.0,0.3815325504312371,0.3858241159157591,0.06893094372728412,0.0,0.4564960387396515,0.023772241992882564,0.056363636363636366,0.12546125461254612,0.11070110701107011,0.2693726937269373,0.025830258302583026,0.06642066420664207,0.007380073800738007,0.007380073800738007,1,1
44.txt,0.2808853493116759,0.2750918887748768,0.588006444770233,0.6977474552436639,0.27109038453869744,0.2716774497336619,0.3162141105207735,0.1821561338289963,0.2876735425666256,0.016723073860242882,0.049107142857142856,0.017109249688112636,0.05439330543933055,0.05439330543933055,0.02510460251046025,0.06694560669456066,0.16317991631799164,0.2719665271966527,0.07531380753138076,0.03347280334728033,0.09205020920502092,0.07531380753138076,0.04602510460251046,0.09623430962343096,0.0,0.012552301255230125,0.03765690376569038,0.029288702928870293,0.0502092050209205,0.14225941422594143,0.016736401673640166,0.0,0.0,0.0,0.0041841004184100415,0.0,0.0,0.02092050209205021,0.0,0.012552301255230125,0.0,0.0,0.0,0.0,0.0,0.008368200836820083,0.0,0.4811715481171548,0.016736401673640166,0.0,0.562756912643958,0.5387257314885576,0.2725278856999624,0.0,0.7338541253005437,0.02889679715302491,0.11090909090909092,0.21338912133891214,0.11715481171548117,0.4435146443514644,0.0502092050209205,0.008368200836820083,0.04602510460251046,0.02092050209205021,1,1
45.txt,0.036522482183784094,0.029123780247618764,0.6855672677279476,0.9288798890843677,0.029853848112485336,0.036637876215326604,0.09121754848259131,0.02630826422647984,0.08697421416454892,0.04359944256420466,0.07142857142857142,0.05057921939048298,0.0427807486631016,0.045454545454545456,0.00267379679144385,0.06951871657754011,0.10160427807486631,0.2967914438502674,0.12834224598930483,0.034759358288770054,0.0962566844919786,0.08021390374331551,0.0374331550802139,0.06149732620320856,0.0,0.026737967914438502,0.026737967914438502,0.0481283422459893,0.0106951871657754,0.14171122994652408,0.013368983957219251,0.0053475935828877,0.0,0.0,0.0,0.0,0.0,0.0,0.00267379679144385,0.0,0.0,0.029411764705882353,0.0,0.0,0.00267379679144385,0.02406417112299465,0.013368983957219251,0.4197860962566845,0.0,0.0,0.6933087955710524,0.6468193988738502,0.02194703404128144,0.13333333333333333,0.6735101406556755,0.06505338078291815,0.20727272727272728,0.3155080213903743,0.18181818181818182,0.4732620320855615,0.01871657754010695,0.03208556149732621,0.0374331550802139,0.016042780748663103,1,1
46.txt,0.0721337165592643,0.06925783938841594,0.48720151782050214,0.9194792916386635,0.07443056194646361,0.07297684236361654,0.15675934920877124,0.048327137546468404,0.04942772687021398,0.02588094764085208,0.08482142857142858,0.02184993762252718,0.017543859649122806,0.09473684210526316,0.007017543859649123,0.10526315789473684,0.1368421052631579,0.22456140350877193,0.07719298245614035,0.031578947368421054,0.11578947368421053,0.09824561403508772,0.010526315789473684,0.08771929824561403,0.0,0.028070175438596492,0.03508771929824561,0.07368421052631578,0.03508771929824561,0.09473684210526316,0.031578947368421054,0.0035087719298245615,0.0,0.0,0.0,0.0,0.0,0.0,0.0,0.0,0.0,0.04912280701754386,0.0,0.0,0.0,0.02456140350877193,0.0,0.5684210526315789,0.0,0.0,0.47837311605858407,0.43689270090322074,0.07220516355433011,0.0,0.4611427651315678,0.029608540925266904,0.06545454545454546,0.21052631578947367,0.14035087719298245,0.24210526315789474,0.042105263157894736,0.056140350877192984,0.010526315789473684,0.014035087719298246,1,1
47.txt,0.4574932363078249,0.4542316781497675,0.44606786498065176,0.5367897975737572,0.45138015374777335,0.4481350649354993,0.3566127328164976,0.22304832713754646,0.3830521841723537,0.04837746366713119,0.07589285714285714,0.04074140081981822,0.07788944723618091,0.04020100502512563,0.03015075376884422,0.08793969849246232,0.1457286432160804,0.21105527638190955,0.05778894472361809,0.022613065326633167,0.12311557788944724,0.10050251256281408,0.02763819095477387,0.12814070351758794,0.0,0.002512562814070352,0.03015075376884422,0.0678391959798995,0.02512562814070352,0.0678391959798995,0.05527638190954774,0.002512562814070352,0.0,0.0,0.0,0.0,0.0,0.010050251256281407,0.0,0.0,0.0,0.0,0.0,0.0,0.002512562814070352,0.002512562814070352,0.0,0.5879396984924623,0.0,0.0,0.4253661844899978,0.41191925641336147,0.4570748214061912,0.0,0.3649461891559391,0.04768683274021352,0.10181818181818182,0.15577889447236182,0.08542713567839195,0.24623115577889448,0.06532663316582915,0.010050251256281407,0.02763819095477387,0.03015075376884422,1,1
48.txt,0.3349353992189146,0.33285935214931506,0.4132206921730918,0.6644000244986168,0.328892674526075,0.3266664014923656,0.21949523580131358,0.13382899628252787,0.24976357583343012,0.02807087397969341,0.06696428571428571,0.02078060951702014,0.010135135135135136,0.10810810810810811,0.0033783783783783786,0.11486486486486487,0.1554054054054054,0.20945945945945946,0.0945945945945946,0.04054054054054054,0.07432432432432433,0.0777027027027027,0.02702702702702703,0.08783783783783784,0.0,0.030405405405405407,0.06756756756756757,0.08783783783783784,0.0,0.10135135135135136,0.0472972972972973,0.0,0.0,0.0,0.0,0.0,0.0,0.0,0.0,0.0,0.0,0.030405405405405407,0.0,0.013513513513513514,0.016891891891891893,0.02364864864864865,0.0,0.6114864864864865,0.0,0.0,0.3950313650194991,0.37267025368026324,0.3380122822408823,0.0,0.5298486094464724,0.02690391459074733,0.09818181818181818,0.12837837837837837,0.05405405405405406,0.1554054054054054,0.02027027027027027,0.05067567567567568,0.02702702702702703,0.010135135135135136,1,1
49.txt,0.02740078223235286,0.026590217033262985,0.4234035618534393,0.9718413401153034,0.02904147587730579,0.02738336923802367,0.06095132294923426,0.01486988847583643,0.02796675483255908,0.050567390005972525,0.09821428571428571,0.043521653894136515,0.04645476772616137,0.05867970660146699,0.03667481662591687,0.03178484107579462,0.08068459657701711,0.22982885085574573,0.06845965770171149,0.017114914425427872,0.1271393643031785,0.10268948655256724,0.012224938875305624,0.14425427872860636,0.0,0.05134474327628362,0.004889975550122249,0.029339853300733496,0.09535452322738386,0.15647921760391198,0.012224938875305624,0.0,0.0,0.0,0.044009779951100246,0.0,0.0,0.012224938875305624,0.0,0.0,0.0,0.14425427872860636,0.0,0.0,0.004889975550122249,0.019559902200488997,0.0,0.48655256723716384,0.0,0.0,0.43316144863528566,0.3763074385907089,0.03202155658603835,0.0,0.3328714139058438,0.044270462633451954,0.0890909090909091,0.16136919315403422,0.09535452322738386,0.2787286063569682,0.0488997555012225,0.05378973105134474,0.012224938875305624,0.0024449877750611247,1,1
5.txt,0.180982117598303,0.1786892960497945,0.4591407962540114,0.8144254682718556,0.17481165311491578,0.17460424563634913,0.15675934920877124,0.08178438661710037,0.14458169706909083,0.03444156878359546,0.07589285714285714,0.028871858848690073,0.024390243902439025,0.10365853658536585,0.012195121951219513,0.09451219512195122,0.11280487804878049,0.2530487804878049,0.06402439024390244,0.027439024390243903,0.07317073170731707,0.12195121951219512,0.06097560975609756,0.13414634146341464,0.0,0.012195121951219513,0.06097560975609756,0.04878048780487805,0.003048780487804878,0.0701219512195122,0.024390243902439025,0.0,0.0,0.0,0.0,0.0,0.0,0.0,0.0,0.0,0.0,0.021341463414634148,0.0,0.0,0.0,0.003048780487804878,0.0,0.5945121951219512,0.0,0.0,0.44205113556527886,0.40552629461930545,0.18263566863015415,0.0,0.5119399779059778,0.03516014234875445,0.11636363636363636,0.14634146341463414,0.06097560975609756,0.24390243902439024,0.042682926829268296,0.06097560975609756,0.06097560975609756,0.009146341463414634,1,1
50.txt,0.05024671146960304,0.04561076822689725,0.6124423632785101,0.9273254720376247,0.04598698086843504,0.04910689469227187,0.11620637218941914,0.03629426726667971,0.046466026028958385,0.3179374875572367,0.49107142857142855,0.3377651042594903,0.01997716894977169,0.015410958904109588,0.007420091324200913,0.08904109589041095,0.1329908675799087,0.2391552511415525,0.04680365296803653,0.02910958904109589,0.11301369863013698,0.030821917808219176,0.0228310502283105,0.12214611872146118,0.0,0.0182648401826484,0.02968036529680365,0.08162100456621005,0.09189497716894977,0.1095890410958904,0.019406392694063926,0.0,0.001141552511415525,0.0,0.0017123287671232876,0.0,0.0,0.007990867579908675,0.0,0.0005707762557077625,0.0,0.048515981735159815,0.0,0.0,0.0,0.003424657534246575,0.0,0.4988584474885845,0.0,0.0,0.6072129864691456,0.5493751428532363,0.04248652713372603,0.4111111111111111,0.141132603690674,0.34306049822064055,0.43636363636363634,0.2551369863013699,0.14897260273972604,0.307648401826484,0.02968036529680365,0.007420091324200913,0.02226027397260274,0.0273972602739726,1,1
51.txt,0.3542211012463359,0.352472966538579,0.5515183489002904,0.6343544219171823,0.34952437240987494,0.34882516974666516,0.3692725154788544,0.22676579925650558,0.31639796131158104,0.03026080031853474,0.05803571428571429,0.02894314738905721,0.04234527687296417,0.06840390879478828,0.006514657980456026,0.08794788273615635,0.16612377850162866,0.23127035830618892,0.05863192182410423,0.026058631921824105,0.11726384364820847,0.06514657980456026,0.03908794788273615,0.10749185667752444,0.0,0.006514657980456026,0.029315960912052116,0.08143322475570032,0.05211726384364821,0.10097719869706841,0.019543973941368076,0.0,0.0,0.0,0.0,0.0,0.0,0.05537459283387622,0.0,0.0,0.0,0.02280130293159609,0.0,0.0,0.0,0.0,0.0,0.5244299674267101,0.0,0.0,0.5268709628028927,0.45852990484611006,0.3511091615490663,0.0,0.6625268049508052,0.03601423487544484,0.15272727272727274,0.20521172638436483,0.11726384364820847,0.32247557003257327,0.03257328990228013,0.029315960912052116,0.03908794788273615,0.035830618892508145,1,1
52.txt,0.08059255506456835,0.0741852225105518,0.47437085537378537,0.9059335630484001,0.07473837404576286,0.0756124023775223,0.12365980168750108,0.04535315985130111,0.058624559998963995,0.044395779414692416,0.09375,0.04013544822669756,0.03968253968253968,0.0873015873015873,0.010582010582010581,0.0873015873015873,0.13756613756613756,0.21693121693121692,0.09259259259259259,0.031746031746031744,0.08994708994708994,0.10846560846560846,0.031746031746031744,0.09523809523809523,0.0,0.010582010582010581,0.04497354497354497,0.082010582010582,0.026455026455026454,0.1164021164021164,0.021164021164021163,0.0,0.0,0.0,0.0,0.0,0.0,0.013227513227513227,0.0,0.0,0.0,0.03439153439153439,0.0,0.010582010582010581,0.0,0.0,0.0,0.5423280423280423,0.0,0.0,0.46508333991411543,0.47749021753836723,0.07774157162551698,0.044444444444444446,0.616808099260761,0.050818505338078294,0.19636363636363635,0.18783068783068782,0.09788359788359788,0.2566137566137566,0.04497354497354497,0.06878306878306878,0.031746031746031744,0.018518518518518517,1,1
53.txt,0.038026327411662626,0.03211536983080584,0.42996831882628966,0.9520041843326082,0.03331721333672782,0.033794229045288046,0.06252439875094087,0.019052044609665426,0.03333784142775176,0.03583515827194903,0.05357142857142857,0.029192657280342184,0.03880597014925373,0.08059701492537313,0.011940298507462687,0.09850746268656717,0.17313432835820897,0.20597014925373133,0.026865671641791045,0.008955223880597015,0.08059701492537313,0.08955223880597014,0.026865671641791045,0.09253731343283582,0.0,0.03283582089552239,0.05970149253731343,0.0955223880597015,0.050746268656716415,0.12835820895522387,0.03582089552238806,0.0,0.0,0.0,0.0,0.0,0.0,0.008955223880597015,0.0,0.0,0.04477611940298507,0.03283582089552239,0.0,0.0,0.0,0.005970149253731343,0.0,0.5313432835820896,0.0,0.0,0.435827374373862,0.4498676874932302,0.03737937084847725,0.07777777777777778,0.6074459639767422,0.03900355871886121,0.1509090909090909,0.1701492537313433,0.08656716417910448,0.28059701492537314,0.041791044776119404,0.041791044776119404,0.026865671641791045,0.01791044776119403,1,1
6.txt,0.04463720364521269,0.04150902250303945,0.5608721391764777,0.9397327840811213,0.03701292577379245,0.045439474255700794,0.0697179561237727,0.0322180916976456,0.03865396872851686,0.04837746366713119,0.08482142857142858,0.04847620744965247,0.022613065326633167,0.05778894472361809,0.01256281407035176,0.08793969849246232,0.1658291457286432,0.24120603015075376,0.07537688442211055,0.02512562814070352,0.15577889447236182,0.04271356783919598,0.022613065326633167,0.10301507537688442,0.0,0.017587939698492462,0.01256281407035176,0.07537688442211055,0.01507537688442211,0.0678391959798995,0.02763819095477387,0.0,0.0,0.0,0.0,0.0,0.0,0.0,0.0,0.0,0.0,0.02512562814070352,0.0,0.0,0.0,0.01507537688442211,0.0,0.5025125628140703,0.0,0.0,0.5588721014644296,0.4950696089248913,0.04075280945816101,0.0,0.35664815269424327,0.056227758007117434,0.09636363636363636,0.24120603015075376,0.09045226130653267,0.2914572864321608,0.02512562814070352,0.020100502512562814,0.022613065326633167,0.002512562814070352,1,1
7.txt,0.28523125351927686,0.2800353411471119,0.4624800375811408,0.7046979617620969,0.27597832143849355,0.2734958617833682,0.22871444866032106,0.120817843866171,0.22790066779185977,0.06987855863030061,0.08482142857142858,0.06127250044555338,0.021739130434782608,0.06324110671936758,0.003952569169960474,0.10474308300395258,0.13438735177865613,0.22727272727272727,0.05731225296442688,0.017786561264822136,0.0691699604743083,0.08893280632411067,0.05138339920948617,0.10869565217391304,0.0,0.03162055335968379,0.045454545454545456,0.116600790513834,0.0,0.07312252964426877,0.04940711462450593,0.0,0.0,0.0,0.0,0.0,0.0,0.0,0.0,0.001976284584980237,0.0,0.045454545454545456,0.015810276679841896,0.0,0.0,0.007905138339920948,0.0,0.6047430830039525,0.0,0.0,0.44278294758060266,0.4483537475409735,0.2832435142248402,0.0,0.3919221960941387,0.0704626334519573,0.17636363636363636,0.13636363636363635,0.06719367588932806,0.22924901185770752,0.02766798418972332,0.04940711462450593,0.04940711462450593,0.009881422924901186,1,1
8.txt,0.3524759751923567,0.3434497470939558,0.5979800786193867,0.6195295656088828,0.34587328434756126,0.3436521230469633,0.46684997432055997,0.2738537794299876,0.3339062502085025,0.14652598048974716,0.15178571428571427,0.15608625913384425,0.03367003367003367,0.04040404040404041,0.007856341189674524,0.051627384960718295,0.10437710437710437,0.2547699214365881,0.10662177328843996,0.02244668911335578,0.11560044893378227,0.05948372615039282,0.05948372615039282,0.08417508417508418,0.001122334455667789,0.03254769921436588,0.026936026936026935,0.04713804713804714,0.04713804713804714,0.15488215488215487,0.02244668911335578,0.005611672278338945,0.006734006734006734,0.0,0.008978675645342313,0.0,0.0,0.016835016835016835,0.003367003367003367,0.0,0.0,0.04040404040404041,0.006734006734006734,0.002244668911335578,0.001122334455667789,0.015712682379349047,0.002244668911335578,0.47474747474747475,0.0,0.0,0.5713329578892536,0.591047265314861,0.3399966578936375,0.022222222222222223,0.5602583321901243,0.17822064056939502,0.5872727272727273,0.2547699214365881,0.17957351290684623,0.4051627384960718,0.02244668911335578,0.02356902356902357,0.06172839506172839,0.029180695847362513,1,1
9.txt,0.2995794284541068,0.29707738499112274,0.5197881457757073,0.6903742165019909,0.2907604294556967,0.2921556723862866,0.24637268952264635,0.16356877323420074,0.259481889861363,0.022297431813657176,0.0625,0.018428087684904653,0.018726591760299626,0.10486891385767791,0.003745318352059925,0.12734082397003746,0.1647940074906367,0.23220973782771537,0.0449438202247191,0.04119850187265917,0.09363295880149813,0.0749063670411985,0.04119850187265917,0.1198501872659176,0.0,0.00749063670411985,0.0299625468164794,0.0898876404494382,0.026217228464419477,0.10861423220973783,0.033707865168539325,0.0,0.0,0.0,0.0,0.0,0.0,0.0,0.0,0.00749063670411985,0.0,0.0,0.0,0.0,0.0,0.003745318352059925,0.0,0.5617977528089888,0.0,0.0,0.4972558867966706,0.4480235110691193,0.29753101892467726,0.0,0.6375682559323778,0.026761565836298934,0.10363636363636364,0.17228464419475656,0.07116104868913857,0.2846441947565543,0.018726591760299626,0.04868913857677903,0.03745318352059925,0.003745318352059925,1,1
